{"cameraMode":{"drawMode":0,"name":"Shaded","section":"Shading Mode"},"sceneLighting":true,"audioPlay":false,"sceneViewState":{"showFog":true,"showMaterialUpdate":false,"showSkybox":true,"showFlares":true,"showImageEffects":true,"showParticleSystems":true},"in2DMode":false,"pivot":{"x":-0.1767624467611313,"y":-0.4770972728729248,"z":89.77674102783203},"rotation":{"x":0.10809529572725296,"y":-0.007460615132004023,"z":0.000811235629953444,"w":0.9941122531890869},"size":15.352949142456055,"orthographic":false}