{"cameraMode":{"drawMode":0,"name":"Shaded","section":"Shading Mode"},"sceneLighting":false,"audioPlay":false,"sceneViewState":{"showFog":true,"showMaterialUpdate":false,"showSkybox":true,"showFlares":true,"showImageEffects":true,"showParticleSystems":true},"in2DMode":false,"pivot":{"x":0.20621329545974732,"y":-0.22244322299957276,"z":-0.4717038869857788},"rotation":{"x":-0.45148220658302309,"y":-0.058016471564769748,"z":0.02943393588066101,"w":-0.8899053931236267},"size":2.158402681350708,"orthographic":false}