{"cameraMode":{"drawMode":0,"name":"Shaded","section":"Shading Mode"},"sceneLighting":false,"audioPlay":false,"sceneViewState":{"showFog":true,"showMaterialUpdate":false,"showSkybox":true,"showFlares":true,"showImageEffects":true,"showParticleSystems":true},"in2DMode":false,"pivot":{"x":-0.020566284656524659,"y":0.04086649417877197,"z":4.963927745819092},"rotation":{"x":-0.1341668665409088,"y":0.6990494728088379,"z":-0.13612087070941926,"w":-0.6890575885772705},"size":0.5355516672134399,"orthographic":false}