{"cameraMode":{"drawMode":0,"name":"Shaded","section":"Shading Mode"},"sceneLighting":false,"audioPlay":false,"sceneViewState":{"showFog":true,"showMaterialUpdate":false,"showSkybox":true,"showFlares":true,"showImageEffects":true,"showParticleSystems":true},"in2DMode":false,"pivot":{"x":0.0006894469261169434,"y":-0.0045119524002075199,"z":0.0},"rotation":{"x":-0.39761605858802798,"y":-0.11703608185052872,"z":0.05121579393744469,"w":-0.9086149334907532},"size":3.6536152362823488,"orthographic":false}