{"cameraMode":{"drawMode":0,"name":"Shaded","section":"Shading Mode"},"sceneLighting":true,"audioPlay":false,"sceneViewState":{"showFog":true,"showMaterialUpdate":false,"showSkybox":true,"showFlares":true,"showImageEffects":true,"showParticleSystems":true},"in2DMode":false,"pivot":{"x":-1.8729476928710938,"y":-16.86301040649414,"z":15.309778213500977},"rotation":{"x":0.3784593343734741,"y":-0.23347198963165284,"z":0.09926127642393112,"w":0.8901722431182861},"size":57.53496170043945,"orthographic":false}