{"cameraMode":{"drawMode":0,"name":"Shaded","section":"Shading Mode"},"sceneLighting":true,"audioPlay":false,"sceneViewState":{"showFog":true,"showMaterialUpdate":false,"showSkybox":true,"showFlares":true,"showImageEffects":true,"showParticleSystems":true},"in2DMode":false,"pivot":{"x":6.788087368011475,"y":-10.132770538330079,"z":-1.4439353942871094},"rotation":{"x":-0.5485329627990723,"y":-0.020817944779992105,"z":0.01366325281560421,"w":-0.8357580900192261},"size":59.91608428955078,"orthographic":false}