{"cameraMode":{"drawMode":0,"name":"Shaded","section":"Shading Mode"},"sceneLighting":false,"audioPlay":false,"sceneViewState":{"showFog":true,"showMaterialUpdate":false,"showSkybox":true,"showFlares":true,"showImageEffects":true,"showParticleSystems":true},"in2DMode":false,"pivot":{"x":0.01814328134059906,"y":-0.02648136019706726,"z":4.801275253295898},"rotation":{"x":-0.3643690049648285,"y":0.6081708669662476,"z":-0.36854562163352969,"w":-0.6012799739837647},"size":3.5355513095855715,"orthographic":false}