{"cameraMode":{"drawMode":0,"name":"Shaded","section":"Shading Mode"},"sceneLighting":false,"audioPlay":false,"sceneViewState":{"showFog":true,"showMaterialUpdate":false,"showSkybox":true,"showFlares":true,"showImageEffects":true,"showParticleSystems":true},"in2DMode":false,"pivot":{"x":-2.5399999618530275,"y":0.9900000095367432,"z":3.6999998092651369},"rotation":{"x":0.010211830027401448,"y":-0.5251181721687317,"z":0.006301720626652241,"w":0.8509447574615479},"size":4.0416579246521,"orthographic":false}