{"cameraMode":{"drawMode":0,"name":"Shaded","section":"Shading Mode"},"sceneLighting":false,"audioPlay":false,"sceneViewState":{"showFog":true,"showMaterialUpdate":false,"showSkybox":true,"showFlares":true,"showImageEffects":true,"showParticleSystems":true},"in2DMode":false,"pivot":{"x":1.3185216188430787,"y":1.504350185394287,"z":0.8798527717590332},"rotation":{"x":0.010211830027401448,"y":-0.5251181721687317,"z":0.006301720626652241,"w":0.8509447574615479},"size":1.5010982751846314,"orthographic":false}