{"cameraMode":{"drawMode":0,"name":"Shaded","section":"Shading Mode"},"sceneLighting":false,"audioPlay":false,"sceneViewState":{"showFog":true,"showMaterialUpdate":false,"showSkybox":true,"showFlares":true,"showImageEffects":true,"showParticleSystems":true},"in2DMode":false,"pivot":{"x":-0.16008293628692628,"y":1.2173445224761963,"z":-3.933354377746582},"rotation":{"x":0.10315852612257004,"y":-0.8804687261581421,"z":0.4046654999256134,"w":0.22445277869701386},"size":3.761331081390381,"orthographic":false}