{"cameraMode":{"drawMode":0,"name":"Shaded","section":"Shading Mode"},"sceneLighting":true,"audioPlay":false,"sceneViewState":{"showFog":true,"showMaterialUpdate":false,"showSkybox":true,"showFlares":true,"showImageEffects":true,"showParticleSystems":true},"in2DMode":false,"pivot":{"x":-8.074341773986817,"y":8.629255294799805,"z":-12.942923545837403},"rotation":{"x":0.05836005508899689,"y":-0.8271070718765259,"z":0.08742611110210419,"w":0.552127480506897},"size":24.123220443725587,"orthographic":false}