{"cameraMode":{"drawMode":0,"name":"Shaded","section":"Shading Mode"},"sceneLighting":true,"audioPlay":false,"sceneViewState":{"showFog":true,"showMaterialUpdate":false,"showSkybox":true,"showFlares":true,"showImageEffects":true,"showParticleSystems":true},"in2DMode":false,"pivot":{"x":-0.43248888850212099,"y":1.7411882877349854,"z":-0.89649498462677},"rotation":{"x":-0.2853435277938843,"y":0.1772269904613495,"z":-0.05377760902047157,"w":-0.940360426902771},"size":3.030146598815918,"orthographic":false}