{"cameraMode":{"drawMode":0,"name":"Shaded","section":"Shading Mode"},"sceneLighting":false,"audioPlay":false,"sceneViewState":{"showFog":true,"showMaterialUpdate":false,"showSkybox":true,"showFlares":true,"showImageEffects":true,"showParticleSystems":true},"in2DMode":false,"pivot":{"x":-0.7599999904632568,"y":5.063000202178955,"z":3.130000114440918},"rotation":{"x":-0.22735890746116639,"y":0.07759660482406616,"z":-0.018177485093474389,"w":-0.9705443382263184},"size":2.424994707107544,"orthographic":false}